state,month,total_customers_out,State,total,x,y,abbr,name,fips,Total:,Population of one race:,White alone,Black or African American alone,American Indian and Alaska Native alone,Asian alone,Native Hawaiian and Other Pacific Islander alone,Some Other Race alone,Population of two or more races:
Alaska,1,229292,Alaska,733391,0,0,AK,Alaska,2,733391,635190,437551,28359,110300,44818,13172,18192,88634
Alaska,2,379357,Alaska,733391,0,0,AK,Alaska,2,733391,635190,437551,28359,110300,44818,13172,18192,88634
Alaska,3,336566,Alaska,733391,0,0,AK,Alaska,2,733391,635190,437551,28359,110300,44818,13172,18192,88634
Alaska,4,215665,Alaska,733391,0,0,AK,Alaska,2,733391,635190,437551,28359,110300,44818,13172,18192,88634
Alaska,5,114139,Alaska,733391,0,0,AK,Alaska,2,733391,635190,437551,28359,110300,44818,13172,18192,88634
Alaska,6,316953,Alaska,733391,0,0,AK,Alaska,2,733391,635190,437551,28359,110300,44818,13172,18192,88634
Alaska,7,222440,Alaska,733391,0,0,AK,Alaska,2,733391,635190,437551,28359,110300,44818,13172,18192,88634
Alaska,8,460167,Alaska,733391,0,0,AK,Alaska,2,733391,635190,437551,28359,110300,44818,13172,18192,88634
Alaska,9,501153,Alaska,733391,0,0,AK,Alaska,2,733391,635190,437551,28359,110300,44818,13172,18192,88634
Alaska,10,265400,Alaska,733391,0,0,AK,Alaska,2,733391,635190,437551,28359,110300,44818,13172,18192,88634
Alaska,11,505461,Alaska,733391,0,0,AK,Alaska,2,733391,635190,437551,28359,110300,44818,13172,18192,88634
Alaska,12,875026,Alaska,733391,0,0,AK,Alaska,2,733391,635190,437551,28359,110300,44818,13172,18192,88634
California,1,16810052,California,39538223,0,3,CA,California,6,39538223,33777988,16296122,2237044,631016,6085947,157263,8370596,5760235
California,2,21202890,California,39538223,0,3,CA,California,6,39538223,33777988,16296122,2237044,631016,6085947,157263,8370596,5760235
California,3,23284507,California,39538223,0,3,CA,California,6,39538223,33777988,16296122,2237044,631016,6085947,157263,8370596,5760235
California,4,10391914,California,39538223,0,3,CA,California,6,39538223,33777988,16296122,2237044,631016,6085947,157263,8370596,5760235
California,5,15988761,California,39538223,0,3,CA,California,6,39538223,33777988,16296122,2237044,631016,6085947,157263,8370596,5760235
California,6,16427144,California,39538223,0,3,CA,California,6,39538223,33777988,16296122,2237044,631016,6085947,157263,8370596,5760235
California,7,16852941,California,39538223,0,3,CA,California,6,39538223,33777988,16296122,2237044,631016,6085947,157263,8370596,5760235
California,8,51307912,California,39538223,0,3,CA,California,6,39538223,33777988,16296122,2237044,631016,6085947,157263,8370596,5760235
California,9,81586345,California,39538223,0,3,CA,California,6,39538223,33777988,16296122,2237044,631016,6085947,157263,8370596,5760235
California,10,94236713,California,39538223,0,3,CA,California,6,39538223,33777988,16296122,2237044,631016,6085947,157263,8370596,5760235
California,11,18683205,California,39538223,0,3,CA,California,6,39538223,33777988,16296122,2237044,631016,6085947,157263,8370596,5760235
California,12,27793891,California,39538223,0,3,CA,California,6,39538223,33777988,16296122,2237044,631016,6085947,157263,8370596,5760235
Hawaii,1,382799,Hawaii,1455271,0,7,HI,Hawaii,15,1455271,1087142,333261,23417,4370,541902,157445,26747,368129
Hawaii,2,699766,Hawaii,1455271,0,7,HI,Hawaii,15,1455271,1087142,333261,23417,4370,541902,157445,26747,368129
Hawaii,3,457073,Hawaii,1455271,0,7,HI,Hawaii,15,1455271,1087142,333261,23417,4370,541902,157445,26747,368129
Hawaii,4,368665,Hawaii,1455271,0,7,HI,Hawaii,15,1455271,1087142,333261,23417,4370,541902,157445,26747,368129
Hawaii,5,202130,Hawaii,1455271,0,7,HI,Hawaii,15,1455271,1087142,333261,23417,4370,541902,157445,26747,368129
Hawaii,6,245448,Hawaii,1455271,0,7,HI,Hawaii,15,1455271,1087142,333261,23417,4370,541902,157445,26747,368129
Hawaii,7,249205,Hawaii,1455271,0,7,HI,Hawaii,15,1455271,1087142,333261,23417,4370,541902,157445,26747,368129
Hawaii,8,115903,Hawaii,1455271,0,7,HI,Hawaii,15,1455271,1087142,333261,23417,4370,541902,157445,26747,368129
Hawaii,9,312449,Hawaii,1455271,0,7,HI,Hawaii,15,1455271,1087142,333261,23417,4370,541902,157445,26747,368129
Hawaii,10,561021,Hawaii,1455271,0,7,HI,Hawaii,15,1455271,1087142,333261,23417,4370,541902,157445,26747,368129
Hawaii,11,252774,Hawaii,1455271,0,7,HI,Hawaii,15,1455271,1087142,333261,23417,4370,541902,157445,26747,368129
Hawaii,12,589700,Hawaii,1455271,0,7,HI,Hawaii,15,1455271,1087142,333261,23417,4370,541902,157445,26747,368129
Washington,1,7556057,Washington,7705281,1,2,WA,Washington,53,7705281,6868622,5130920,307565,121468,730596,64933,513140,836659
Washington,2,6866572,Washington,7705281,1,2,WA,Washington,53,7705281,6868622,5130920,307565,121468,730596,64933,513140,836659
Washington,3,1682446,Washington,7705281,1,2,WA,Washington,53,7705281,6868622,5130920,307565,121468,730596,64933,513140,836659
Washington,4,1116564,Washington,7705281,1,2,WA,Washington,53,7705281,6868622,5130920,307565,121468,730596,64933,513140,836659
Washington,5,3374257,Washington,7705281,1,2,WA,Washington,53,7705281,6868622,5130920,307565,121468,730596,64933,513140,836659
Washington,6,2358755,Washington,7705281,1,2,WA,Washington,53,7705281,6868622,5130920,307565,121468,730596,64933,513140,836659
Washington,7,1812545,Washington,7705281,1,2,WA,Washington,53,7705281,6868622,5130920,307565,121468,730596,64933,513140,836659
Washington,8,2025107,Washington,7705281,1,2,WA,Washington,53,7705281,6868622,5130920,307565,121468,730596,64933,513140,836659
Washington,9,15468850,Washington,7705281,1,2,WA,Washington,53,7705281,6868622,5130920,307565,121468,730596,64933,513140,836659
Washington,10,8116137,Washington,7705281,1,2,WA,Washington,53,7705281,6868622,5130920,307565,121468,730596,64933,513140,836659
Washington,11,5553578,Washington,7705281,1,2,WA,Washington,53,7705281,6868622,5130920,307565,121468,730596,64933,513140,836659
Washington,12,3053380,Washington,7705281,1,2,WA,Washington,53,7705281,6868622,5130920,307565,121468,730596,64933,513140,836659
Oregon,1,4285221,Oregon,4237256,1,3,OR,Oregon,41,4237256,3793917,3169096,82655,62993,194538,19204,265431,443339
Oregon,2,1099204,Oregon,4237256,1,3,OR,Oregon,41,4237256,3793917,3169096,82655,62993,194538,19204,265431,443339
Oregon,3,879296,Oregon,4237256,1,3,OR,Oregon,41,4237256,3793917,3169096,82655,62993,194538,19204,265431,443339
Oregon,4,2632618,Oregon,4237256,1,3,OR,Oregon,41,4237256,3793917,3169096,82655,62993,194538,19204,265431,443339
Oregon,5,4770453,Oregon,4237256,1,3,OR,Oregon,41,4237256,3793917,3169096,82655,62993,194538,19204,265431,443339
Oregon,6,1955681,Oregon,4237256,1,3,OR,Oregon,41,4237256,3793917,3169096,82655,62993,194538,19204,265431,443339
Oregon,7,1567572,Oregon,4237256,1,3,OR,Oregon,41,4237256,3793917,3169096,82655,62993,194538,19204,265431,443339
Oregon,8,1705062,Oregon,4237256,1,3,OR,Oregon,41,4237256,3793917,3169096,82655,62993,194538,19204,265431,443339
Oregon,9,44076178,Oregon,4237256,1,3,OR,Oregon,41,4237256,3793917,3169096,82655,62993,194538,19204,265431,443339
Oregon,10,3480433,Oregon,4237256,1,3,OR,Oregon,41,4237256,3793917,3169096,82655,62993,194538,19204,265431,443339
Oregon,11,3451042,Oregon,4237256,1,3,OR,Oregon,41,4237256,3793917,3169096,82655,62993,194538,19204,265431,443339
Oregon,12,1957792,Oregon,4237256,1,3,OR,Oregon,41,4237256,3793917,3169096,82655,62993,194538,19204,265431,443339
Nevada,1,298623,Nevada,3104614,1,4,NV,Nevada,32,3104614,2670605,1588463,304739,43932,272703,25011,435757,434009
Nevada,2,535074,Nevada,3104614,1,4,NV,Nevada,32,3104614,2670605,1588463,304739,43932,272703,25011,435757,434009
Nevada,3,404740,Nevada,3104614,1,4,NV,Nevada,32,3104614,2670605,1588463,304739,43932,272703,25011,435757,434009
Nevada,4,513554,Nevada,3104614,1,4,NV,Nevada,32,3104614,2670605,1588463,304739,43932,272703,25011,435757,434009
Nevada,5,582741,Nevada,3104614,1,4,NV,Nevada,32,3104614,2670605,1588463,304739,43932,272703,25011,435757,434009
Nevada,6,811942,Nevada,3104614,1,4,NV,Nevada,32,3104614,2670605,1588463,304739,43932,272703,25011,435757,434009
Nevada,7,856418,Nevada,3104614,1,4,NV,Nevada,32,3104614,2670605,1588463,304739,43932,272703,25011,435757,434009
Nevada,8,605745,Nevada,3104614,1,4,NV,Nevada,32,3104614,2670605,1588463,304739,43932,272703,25011,435757,434009
Nevada,9,743239,Nevada,3104614,1,4,NV,Nevada,32,3104614,2670605,1588463,304739,43932,272703,25011,435757,434009
Nevada,10,449212,Nevada,3104614,1,4,NV,Nevada,32,3104614,2670605,1588463,304739,43932,272703,25011,435757,434009
Nevada,11,709241,Nevada,3104614,1,4,NV,Nevada,32,3104614,2670605,1588463,304739,43932,272703,25011,435757,434009
Nevada,12,262178,Nevada,3104614,1,4,NV,Nevada,32,3104614,2670605,1588463,304739,43932,272703,25011,435757,434009
Montana,1,335130,Montana,1084225,2,2,MT,Montana,30,1084225,1012950,916524,5484,67612,8300,941,14089,71275
Montana,2,1206780,Montana,1084225,2,2,MT,Montana,30,1084225,1012950,916524,5484,67612,8300,941,14089,71275
Montana,3,1064187,Montana,1084225,2,2,MT,Montana,30,1084225,1012950,916524,5484,67612,8300,941,14089,71275
Montana,4,516302,Montana,1084225,2,2,MT,Montana,30,1084225,1012950,916524,5484,67612,8300,941,14089,71275
Montana,5,1748665,Montana,1084225,2,2,MT,Montana,30,1084225,1012950,916524,5484,67612,8300,941,14089,71275
Montana,6,2944978,Montana,1084225,2,2,MT,Montana,30,1084225,1012950,916524,5484,67612,8300,941,14089,71275
Montana,7,1169904,Montana,1084225,2,2,MT,Montana,30,1084225,1012950,916524,5484,67612,8300,941,14089,71275
Montana,8,668499,Montana,1084225,2,2,MT,Montana,30,1084225,1012950,916524,5484,67612,8300,941,14089,71275
Montana,9,1073402,Montana,1084225,2,2,MT,Montana,30,1084225,1012950,916524,5484,67612,8300,941,14089,71275
Montana,10,1148037,Montana,1084225,2,2,MT,Montana,30,1084225,1012950,916524,5484,67612,8300,941,14089,71275
Montana,11,1210282,Montana,1084225,2,2,MT,Montana,30,1084225,1012950,916524,5484,67612,8300,941,14089,71275
Montana,12,410905,Montana,1084225,2,2,MT,Montana,30,1084225,1012950,916524,5484,67612,8300,941,14089,71275
Idaho,1,2484802,Idaho,1839106,2,3,ID,Idaho,16,1839106,1685901,1510360,15726,25621,26836,3726,103632,153205
Idaho,2,599021,Idaho,1839106,2,3,ID,Idaho,16,1839106,1685901,1510360,15726,25621,26836,3726,103632,153205
Idaho,3,1474211,Idaho,1839106,2,3,ID,Idaho,16,1839106,1685901,1510360,15726,25621,26836,3726,103632,153205
Idaho,4,588674,Idaho,1839106,2,3,ID,Idaho,16,1839106,1685901,1510360,15726,25621,26836,3726,103632,153205
Idaho,5,2872973,Idaho,1839106,2,3,ID,Idaho,16,1839106,1685901,1510360,15726,25621,26836,3726,103632,153205
Idaho,6,1038065,Idaho,1839106,2,3,ID,Idaho,16,1839106,1685901,1510360,15726,25621,26836,3726,103632,153205
Idaho,7,662750,Idaho,1839106,2,3,ID,Idaho,16,1839106,1685901,1510360,15726,25621,26836,3726,103632,153205
Idaho,8,953227,Idaho,1839106,2,3,ID,Idaho,16,1839106,1685901,1510360,15726,25621,26836,3726,103632,153205
Idaho,9,5139750,Idaho,1839106,2,3,ID,Idaho,16,1839106,1685901,1510360,15726,25621,26836,3726,103632,153205
Idaho,10,1711452,Idaho,1839106,2,3,ID,Idaho,16,1839106,1685901,1510360,15726,25621,26836,3726,103632,153205
Idaho,11,915261,Idaho,1839106,2,3,ID,Idaho,16,1839106,1685901,1510360,15726,25621,26836,3726,103632,153205
Idaho,12,651499,Idaho,1839106,2,3,ID,Idaho,16,1839106,1685901,1510360,15726,25621,26836,3726,103632,153205
Utah,1,466412,Utah,3271616,2,4,UT,Utah,49,3271616,2992603,2573413,40058,41644,80438,36930,220120,279013
Utah,2,600201,Utah,3271616,2,4,UT,Utah,49,3271616,2992603,2573413,40058,41644,80438,36930,220120,279013
Utah,3,1545156,Utah,3271616,2,4,UT,Utah,49,3271616,2992603,2573413,40058,41644,80438,36930,220120,279013
Utah,4,721899,Utah,3271616,2,4,UT,Utah,49,3271616,2992603,2573413,40058,41644,80438,36930,220120,279013
Utah,5,919566,Utah,3271616,2,4,UT,Utah,49,3271616,2992603,2573413,40058,41644,80438,36930,220120,279013
Utah,6,1726117,Utah,3271616,2,4,UT,Utah,49,3271616,2992603,2573413,40058,41644,80438,36930,220120,279013
Utah,7,975234,Utah,3271616,2,4,UT,Utah,49,3271616,2992603,2573413,40058,41644,80438,36930,220120,279013
Utah,8,1405458,Utah,3271616,2,4,UT,Utah,49,3271616,2992603,2573413,40058,41644,80438,36930,220120,279013
Utah,9,33647587,Utah,3271616,2,4,UT,Utah,49,3271616,2992603,2573413,40058,41644,80438,36930,220120,279013
Utah,10,958191,Utah,3271616,2,4,UT,Utah,49,3271616,2992603,2573413,40058,41644,80438,36930,220120,279013
Utah,11,951931,Utah,3271616,2,4,UT,Utah,49,3271616,2992603,2573413,40058,41644,80438,36930,220120,279013
Utah,12,574497,Utah,3271616,2,4,UT,Utah,49,3271616,2992603,2573413,40058,41644,80438,36930,220120,279013
Arizona,1,831516,Arizona,7151502,2,5,AZ,Arizona,4,7151502,6154696,4322337,339150,319512,257430,16397,899870,996806
Arizona,2,1162668,Arizona,7151502,2,5,AZ,Arizona,4,7151502,6154696,4322337,339150,319512,257430,16397,899870,996806
Arizona,3,1675803,Arizona,7151502,2,5,AZ,Arizona,4,7151502,6154696,4322337,339150,319512,257430,16397,899870,996806
Arizona,4,637526,Arizona,7151502,2,5,AZ,Arizona,4,7151502,6154696,4322337,339150,319512,257430,16397,899870,996806
Arizona,5,924892,Arizona,7151502,2,5,AZ,Arizona,4,7151502,6154696,4322337,339150,319512,257430,16397,899870,996806
Arizona,6,1531287,Arizona,7151502,2,5,AZ,Arizona,4,7151502,6154696,4322337,339150,319512,257430,16397,899870,996806
Arizona,7,2213728,Arizona,7151502,2,5,AZ,Arizona,4,7151502,6154696,4322337,339150,319512,257430,16397,899870,996806
Arizona,8,3414699,Arizona,7151502,2,5,AZ,Arizona,4,7151502,6154696,4322337,339150,319512,257430,16397,899870,996806
Arizona,9,1175284,Arizona,7151502,2,5,AZ,Arizona,4,7151502,6154696,4322337,339150,319512,257430,16397,899870,996806
Arizona,10,1070718,Arizona,7151502,2,5,AZ,Arizona,4,7151502,6154696,4322337,339150,319512,257430,16397,899870,996806
Arizona,11,1082444,Arizona,7151502,2,5,AZ,Arizona,4,7151502,6154696,4322337,339150,319512,257430,16397,899870,996806
Arizona,12,883822,Arizona,7151502,2,5,AZ,Arizona,4,7151502,6154696,4322337,339150,319512,257430,16397,899870,996806
North Dakota,1,62348,North Dakota,779094,3,2,ND,North Dakota,38,779094,737154,645938,26783,38914,13213,924,11382,41940
North Dakota,2,28141,North Dakota,779094,3,2,ND,North Dakota,38,779094,737154,645938,26783,38914,13213,924,11382,41940
North Dakota,3,112513,North Dakota,779094,3,2,ND,North Dakota,38,779094,737154,645938,26783,38914,13213,924,11382,41940
North Dakota,4,86142,North Dakota,779094,3,2,ND,North Dakota,38,779094,737154,645938,26783,38914,13213,924,11382,41940
North Dakota,5,149240,North Dakota,779094,3,2,ND,North Dakota,38,779094,737154,645938,26783,38914,13213,924,11382,41940
North Dakota,6,625685,North Dakota,779094,3,2,ND,North Dakota,38,779094,737154,645938,26783,38914,13213,924,11382,41940
North Dakota,7,392028,North Dakota,779094,3,2,ND,North Dakota,38,779094,737154,645938,26783,38914,13213,924,11382,41940
North Dakota,8,239436,North Dakota,779094,3,2,ND,North Dakota,38,779094,737154,645938,26783,38914,13213,924,11382,41940
North Dakota,9,349731,North Dakota,779094,3,2,ND,North Dakota,38,779094,737154,645938,26783,38914,13213,924,11382,41940
North Dakota,10,97255,North Dakota,779094,3,2,ND,North Dakota,38,779094,737154,645938,26783,38914,13213,924,11382,41940
North Dakota,11,234371,North Dakota,779094,3,2,ND,North Dakota,38,779094,737154,645938,26783,38914,13213,924,11382,41940
North Dakota,12,47764,North Dakota,779094,3,2,ND,North Dakota,38,779094,737154,645938,26783,38914,13213,924,11382,41940
Wyoming,1,56177,Wyoming,576851,3,3,WY,Wyoming,56,576851,533378,488374,5232,13898,5212,579,20083,43473
Wyoming,2,92946,Wyoming,576851,3,3,WY,Wyoming,56,576851,533378,488374,5232,13898,5212,579,20083,43473
Wyoming,3,540727,Wyoming,576851,3,3,WY,Wyoming,56,576851,533378,488374,5232,13898,5212,579,20083,43473
Wyoming,4,103241,Wyoming,576851,3,3,WY,Wyoming,56,576851,533378,488374,5232,13898,5212,579,20083,43473
Wyoming,5,123500,Wyoming,576851,3,3,WY,Wyoming,56,576851,533378,488374,5232,13898,5212,579,20083,43473
Wyoming,6,1010847,Wyoming,576851,3,3,WY,Wyoming,56,576851,533378,488374,5232,13898,5212,579,20083,43473
Wyoming,7,170716,Wyoming,576851,3,3,WY,Wyoming,56,576851,533378,488374,5232,13898,5212,579,20083,43473
Wyoming,8,520459,Wyoming,576851,3,3,WY,Wyoming,56,576851,533378,488374,5232,13898,5212,579,20083,43473
Wyoming,9,1258853,Wyoming,576851,3,3,WY,Wyoming,56,576851,533378,488374,5232,13898,5212,579,20083,43473
Wyoming,10,346331,Wyoming,576851,3,3,WY,Wyoming,56,576851,533378,488374,5232,13898,5212,579,20083,43473
Wyoming,11,133778,Wyoming,576851,3,3,WY,Wyoming,56,576851,533378,488374,5232,13898,5212,579,20083,43473
Wyoming,12,93461,Wyoming,576851,3,3,WY,Wyoming,56,576851,533378,488374,5232,13898,5212,579,20083,43473
Colorado,1,484464,Colorado,5773714,3,4,CO,Colorado,8,5773714,5066044,4082927,234828,74129,199827,10287,464046,707670
Colorado,2,702468,Colorado,5773714,3,4,CO,Colorado,8,5773714,5066044,4082927,234828,74129,199827,10287,464046,707670
Colorado,3,1236388,Colorado,5773714,3,4,CO,Colorado,8,5773714,5066044,4082927,234828,74129,199827,10287,464046,707670
Colorado,4,865844,Colorado,5773714,3,4,CO,Colorado,8,5773714,5066044,4082927,234828,74129,199827,10287,464046,707670
Colorado,5,1212693,Colorado,5773714,3,4,CO,Colorado,8,5773714,5066044,4082927,234828,74129,199827,10287,464046,707670
Colorado,6,6367317,Colorado,5773714,3,4,CO,Colorado,8,5773714,5066044,4082927,234828,74129,199827,10287,464046,707670
Colorado,7,2696368,Colorado,5773714,3,4,CO,Colorado,8,5773714,5066044,4082927,234828,74129,199827,10287,464046,707670
Colorado,8,1868471,Colorado,5773714,3,4,CO,Colorado,8,5773714,5066044,4082927,234828,74129,199827,10287,464046,707670
Colorado,9,3410951,Colorado,5773714,3,4,CO,Colorado,8,5773714,5066044,4082927,234828,74129,199827,10287,464046,707670
Colorado,10,4096144,Colorado,5773714,3,4,CO,Colorado,8,5773714,5066044,4082927,234828,74129,199827,10287,464046,707670
Colorado,11,1358960,Colorado,5773714,3,4,CO,Colorado,8,5773714,5066044,4082927,234828,74129,199827,10287,464046,707670
Colorado,12,755564,Colorado,5773714,3,4,CO,Colorado,8,5773714,5066044,4082927,234828,74129,199827,10287,464046,707670
New Mexico,1,233104,New Mexico,2117522,3,5,NM,New Mexico,35,2117522,1695276,1078937,45904,212241,37469,2093,318632,422246
New Mexico,2,524420,New Mexico,2117522,3,5,NM,New Mexico,35,2117522,1695276,1078937,45904,212241,37469,2093,318632,422246
New Mexico,3,298565,New Mexico,2117522,3,5,NM,New Mexico,35,2117522,1695276,1078937,45904,212241,37469,2093,318632,422246
New Mexico,4,319911,New Mexico,2117522,3,5,NM,New Mexico,35,2117522,1695276,1078937,45904,212241,37469,2093,318632,422246
New Mexico,5,329971,New Mexico,2117522,3,5,NM,New Mexico,35,2117522,1695276,1078937,45904,212241,37469,2093,318632,422246
New Mexico,6,922213,New Mexico,2117522,3,5,NM,New Mexico,35,2117522,1695276,1078937,45904,212241,37469,2093,318632,422246
New Mexico,7,1293556,New Mexico,2117522,3,5,NM,New Mexico,35,2117522,1695276,1078937,45904,212241,37469,2093,318632,422246
New Mexico,8,1310598,New Mexico,2117522,3,5,NM,New Mexico,35,2117522,1695276,1078937,45904,212241,37469,2093,318632,422246
New Mexico,9,2211048,New Mexico,2117522,3,5,NM,New Mexico,35,2117522,1695276,1078937,45904,212241,37469,2093,318632,422246
New Mexico,10,1271195,New Mexico,2117522,3,5,NM,New Mexico,35,2117522,1695276,1078937,45904,212241,37469,2093,318632,422246
New Mexico,11,458740,New Mexico,2117522,3,5,NM,New Mexico,35,2117522,1695276,1078937,45904,212241,37469,2093,318632,422246
New Mexico,12,579458,New Mexico,2117522,3,5,NM,New Mexico,35,2117522,1695276,1078937,45904,212241,37469,2093,318632,422246
Texas,1,9663179,Texas,29145505,3,6,TX,Texas,48,29145505,24011767,14609365,3552997,278948,1585480,33611,3951366,5133738
Texas,2,6119386,Texas,29145505,3,6,TX,Texas,48,29145505,24011767,14609365,3552997,278948,1585480,33611,3951366,5133738
Texas,3,8855179,Texas,29145505,3,6,TX,Texas,48,29145505,24011767,14609365,3552997,278948,1585480,33611,3951366,5133738
Texas,4,29346002,Texas,29145505,3,6,TX,Texas,48,29145505,24011767,14609365,3552997,278948,1585480,33611,3951366,5133738
Texas,5,26167623,Texas,29145505,3,6,TX,Texas,48,29145505,24011767,14609365,3552997,278948,1585480,33611,3951366,5133738
Texas,6,15542269,Texas,29145505,3,6,TX,Texas,48,29145505,24011767,14609365,3552997,278948,1585480,33611,3951366,5133738
Texas,7,51371788,Texas,29145505,3,6,TX,Texas,48,29145505,24011767,14609365,3552997,278948,1585480,33611,3951366,5133738
Texas,8,67972825,Texas,29145505,3,6,TX,Texas,48,29145505,24011767,14609365,3552997,278948,1585480,33611,3951366,5133738
Texas,9,18940892,Texas,29145505,3,6,TX,Texas,48,29145505,24011767,14609365,3552997,278948,1585480,33611,3951366,5133738
Texas,10,40586830,Texas,29145505,3,6,TX,Texas,48,29145505,24011767,14609365,3552997,278948,1585480,33611,3951366,5133738
Texas,11,9129572,Texas,29145505,3,6,TX,Texas,48,29145505,24011767,14609365,3552997,278948,1585480,33611,3951366,5133738
Texas,12,8212733,Texas,29145505,3,6,TX,Texas,48,29145505,24011767,14609365,3552997,278948,1585480,33611,3951366,5133738
South Dakota,1,1089579,South Dakota,886667,4,2,SD,South Dakota,46,886667,840002,715336,17842,77748,13476,543,15057,46665
South Dakota,2,1043665,South Dakota,886667,4,2,SD,South Dakota,46,886667,840002,715336,17842,77748,13476,543,15057,46665
South Dakota,3,205246,South Dakota,886667,4,2,SD,South Dakota,46,886667,840002,715336,17842,77748,13476,543,15057,46665
South Dakota,4,343200,South Dakota,886667,4,2,SD,South Dakota,46,886667,840002,715336,17842,77748,13476,543,15057,46665
South Dakota,5,573035,South Dakota,886667,4,2,SD,South Dakota,46,886667,840002,715336,17842,77748,13476,543,15057,46665
South Dakota,6,1114874,South Dakota,886667,4,2,SD,South Dakota,46,886667,840002,715336,17842,77748,13476,543,15057,46665
South Dakota,7,676030,South Dakota,886667,4,2,SD,South Dakota,46,886667,840002,715336,17842,77748,13476,543,15057,46665
South Dakota,8,453543,South Dakota,886667,4,2,SD,South Dakota,46,886667,840002,715336,17842,77748,13476,543,15057,46665
South Dakota,9,496364,South Dakota,886667,4,2,SD,South Dakota,46,886667,840002,715336,17842,77748,13476,543,15057,46665
South Dakota,10,1303162,South Dakota,886667,4,2,SD,South Dakota,46,886667,840002,715336,17842,77748,13476,543,15057,46665
South Dakota,11,506276,South Dakota,886667,4,2,SD,South Dakota,46,886667,840002,715336,17842,77748,13476,543,15057,46665
South Dakota,12,706888,South Dakota,886667,4,2,SD,South Dakota,46,886667,840002,715336,17842,77748,13476,543,15057,46665
Nebraska,1,178119,Nebraska,1961504,4,3,NE,Nebraska,31,1961504,1817341,1538052,96535,23102,52951,1534,105167,144163
Nebraska,2,100862,Nebraska,1961504,4,3,NE,Nebraska,31,1961504,1817341,1538052,96535,23102,52951,1534,105167,144163
Nebraska,3,302920,Nebraska,1961504,4,3,NE,Nebraska,31,1961504,1817341,1538052,96535,23102,52951,1534,105167,144163
Nebraska,4,322248,Nebraska,1961504,4,3,NE,Nebraska,31,1961504,1817341,1538052,96535,23102,52951,1534,105167,144163
Nebraska,5,210063,Nebraska,1961504,4,3,NE,Nebraska,31,1961504,1817341,1538052,96535,23102,52951,1534,105167,144163
Nebraska,6,625461,Nebraska,1961504,4,3,NE,Nebraska,31,1961504,1817341,1538052,96535,23102,52951,1534,105167,144163
Nebraska,7,527157,Nebraska,1961504,4,3,NE,Nebraska,31,1961504,1817341,1538052,96535,23102,52951,1534,105167,144163
Nebraska,8,2146107,Nebraska,1961504,4,3,NE,Nebraska,31,1961504,1817341,1538052,96535,23102,52951,1534,105167,144163
Nebraska,9,257180,Nebraska,1961504,4,3,NE,Nebraska,31,1961504,1817341,1538052,96535,23102,52951,1534,105167,144163
Nebraska,10,387093,Nebraska,1961504,4,3,NE,Nebraska,31,1961504,1817341,1538052,96535,23102,52951,1534,105167,144163
Nebraska,11,279928,Nebraska,1961504,4,3,NE,Nebraska,31,1961504,1817341,1538052,96535,23102,52951,1534,105167,144163
Nebraska,12,148048,Nebraska,1961504,4,3,NE,Nebraska,31,1961504,1817341,1538052,96535,23102,52951,1534,105167,144163
Kansas,1,528729,Kansas,2937880,4,4,KS,Kansas,20,2937880,2657373,2222462,168809,30995,86273,3412,145422,280507
Kansas,2,431931,Kansas,2937880,4,4,KS,Kansas,20,2937880,2657373,2222462,168809,30995,86273,3412,145422,280507
Kansas,3,517901,Kansas,2937880,4,4,KS,Kansas,20,2937880,2657373,2222462,168809,30995,86273,3412,145422,280507
Kansas,4,454584,Kansas,2937880,4,4,KS,Kansas,20,2937880,2657373,2222462,168809,30995,86273,3412,145422,280507
Kansas,5,1250424,Kansas,2937880,4,4,KS,Kansas,20,2937880,2657373,2222462,168809,30995,86273,3412,145422,280507
Kansas,6,1569265,Kansas,2937880,4,4,KS,Kansas,20,2937880,2657373,2222462,168809,30995,86273,3412,145422,280507
Kansas,7,1239028,Kansas,2937880,4,4,KS,Kansas,20,2937880,2657373,2222462,168809,30995,86273,3412,145422,280507
Kansas,8,973432,Kansas,2937880,4,4,KS,Kansas,20,2937880,2657373,2222462,168809,30995,86273,3412,145422,280507
Kansas,9,519877,Kansas,2937880,4,4,KS,Kansas,20,2937880,2657373,2222462,168809,30995,86273,3412,145422,280507
Kansas,10,870834,Kansas,2937880,4,4,KS,Kansas,20,2937880,2657373,2222462,168809,30995,86273,3412,145422,280507
Kansas,11,583477,Kansas,2937880,4,4,KS,Kansas,20,2937880,2657373,2222462,168809,30995,86273,3412,145422,280507
Kansas,12,481629,Kansas,2937880,4,4,KS,Kansas,20,2937880,2657373,2222462,168809,30995,86273,3412,145422,280507
Oklahoma,1,871052,Oklahoma,3959353,4,5,OK,Oklahoma,40,3959353,3451195,2514885,289961,332791,90949,8608,214001,508158
Oklahoma,2,591784,Oklahoma,3959353,4,5,OK,Oklahoma,40,3959353,3451195,2514885,289961,332791,90949,8608,214001,508158
Oklahoma,3,1042488,Oklahoma,3959353,4,5,OK,Oklahoma,40,3959353,3451195,2514885,289961,332791,90949,8608,214001,508158
Oklahoma,4,1674044,Oklahoma,3959353,4,5,OK,Oklahoma,40,3959353,3451195,2514885,289961,332791,90949,8608,214001,508158
Oklahoma,5,3646444,Oklahoma,3959353,4,5,OK,Oklahoma,40,3959353,3451195,2514885,289961,332791,90949,8608,214001,508158
Oklahoma,6,2676925,Oklahoma,3959353,4,5,OK,Oklahoma,40,3959353,3451195,2514885,289961,332791,90949,8608,214001,508158
Oklahoma,7,10822037,Oklahoma,3959353,4,5,OK,Oklahoma,40,3959353,3451195,2514885,289961,332791,90949,8608,214001,508158
Oklahoma,8,1406409,Oklahoma,3959353,4,5,OK,Oklahoma,40,3959353,3451195,2514885,289961,332791,90949,8608,214001,508158
Oklahoma,9,2042951,Oklahoma,3959353,4,5,OK,Oklahoma,40,3959353,3451195,2514885,289961,332791,90949,8608,214001,508158
Oklahoma,10,124955187,Oklahoma,3959353,4,5,OK,Oklahoma,40,3959353,3451195,2514885,289961,332791,90949,8608,214001,508158
Oklahoma,11,77342083,Oklahoma,3959353,4,5,OK,Oklahoma,40,3959353,3451195,2514885,289961,332791,90949,8608,214001,508158
Oklahoma,12,2173882,Oklahoma,3959353,4,5,OK,Oklahoma,40,3959353,3451195,2514885,289961,332791,90949,8608,214001,508158
Louisiana,1,5835014,Louisiana,4657757,4,6,LA,Louisiana,22,4657757,4384380,2657652,1464023,31657,86438,1911,142699,273377
Louisiana,2,2820257,Louisiana,4657757,4,6,LA,Louisiana,22,4657757,4384380,2657652,1464023,31657,86438,1911,142699,273377
Louisiana,3,2731485,Louisiana,4657757,4,6,LA,Louisiana,22,4657757,4384380,2657652,1464023,31657,86438,1911,142699,273377
Louisiana,4,16153489,Louisiana,4657757,4,6,LA,Louisiana,22,4657757,4384380,2657652,1464023,31657,86438,1911,142699,273377
Louisiana,5,4703774,Louisiana,4657757,4,6,LA,Louisiana,22,4657757,4384380,2657652,1464023,31657,86438,1911,142699,273377
Louisiana,6,6239976,Louisiana,4657757,4,6,LA,Louisiana,22,4657757,4384380,2657652,1464023,31657,86438,1911,142699,273377
Louisiana,7,4181549,Louisiana,4657757,4,6,LA,Louisiana,22,4657757,4384380,2657652,1464023,31657,86438,1911,142699,273377
Louisiana,8,188276687,Louisiana,4657757,4,6,LA,Louisiana,22,4657757,4384380,2657652,1464023,31657,86438,1911,142699,273377
Louisiana,9,223629976,Louisiana,4657757,4,6,LA,Louisiana,22,4657757,4384380,2657652,1464023,31657,86438,1911,142699,273377
Louisiana,10,211069354,Louisiana,4657757,4,6,LA,Louisiana,22,4657757,4384380,2657652,1464023,31657,86438,1911,142699,273377
Louisiana,11,33427992,Louisiana,4657757,4,6,LA,Louisiana,22,4657757,4384380,2657652,1464023,31657,86438,1911,142699,273377
Louisiana,12,2812483,Louisiana,4657757,4,6,LA,Louisiana,22,4657757,4384380,2657652,1464023,31657,86438,1911,142699,273377
Minnesota,1,495193,Minnesota,5706494,5,2,MN,Minnesota,27,5706494,5360773,4423146,398434,68641,299190,2918,168444,345721
Minnesota,2,657362,Minnesota,5706494,5,2,MN,Minnesota,27,5706494,5360773,4423146,398434,68641,299190,2918,168444,345721
Minnesota,3,1903272,Minnesota,5706494,5,2,MN,Minnesota,27,5706494,5360773,4423146,398434,68641,299190,2918,168444,345721
Minnesota,4,1166156,Minnesota,5706494,5,2,MN,Minnesota,27,5706494,5360773,4423146,398434,68641,299190,2918,168444,345721
Minnesota,5,1554512,Minnesota,5706494,5,2,MN,Minnesota,27,5706494,5360773,4423146,398434,68641,299190,2918,168444,345721
Minnesota,6,3046956,Minnesota,5706494,5,2,MN,Minnesota,27,5706494,5360773,4423146,398434,68641,299190,2918,168444,345721
Minnesota,7,3906817,Minnesota,5706494,5,2,MN,Minnesota,27,5706494,5360773,4423146,398434,68641,299190,2918,168444,345721
Minnesota,8,5634906,Minnesota,5706494,5,2,MN,Minnesota,27,5706494,5360773,4423146,398434,68641,299190,2918,168444,345721
Minnesota,9,1438615,Minnesota,5706494,5,2,MN,Minnesota,27,5706494,5360773,4423146,398434,68641,299190,2918,168444,345721
Minnesota,10,1694666,Minnesota,5706494,5,2,MN,Minnesota,27,5706494,5360773,4423146,398434,68641,299190,2918,168444,345721
Minnesota,11,941285,Minnesota,5706494,5,2,MN,Minnesota,27,5706494,5360773,4423146,398434,68641,299190,2918,168444,345721
Minnesota,12,996051,Minnesota,5706494,5,2,MN,Minnesota,27,5706494,5360773,4423146,398434,68641,299190,2918,168444,345721
Iowa,1,1155721,Iowa,3190369,5,3,IA,Iowa,19,3190369,3011086,2694521,131972,14486,75629,5758,88720,179283
Iowa,2,405903,Iowa,3190369,5,3,IA,Iowa,19,3190369,3011086,2694521,131972,14486,75629,5758,88720,179283
Iowa,3,755824,Iowa,3190369,5,3,IA,Iowa,19,3190369,3011086,2694521,131972,14486,75629,5758,88720,179283
Iowa,4,683852,Iowa,3190369,5,3,IA,Iowa,19,3190369,3011086,2694521,131972,14486,75629,5758,88720,179283
Iowa,5,598534,Iowa,3190369,5,3,IA,Iowa,19,3190369,3011086,2694521,131972,14486,75629,5758,88720,179283
Iowa,6,1128442,Iowa,3190369,5,3,IA,Iowa,19,3190369,3011086,2694521,131972,14486,75629,5758,88720,179283
Iowa,7,2053091,Iowa,3190369,5,3,IA,Iowa,19,3190369,3011086,2694521,131972,14486,75629,5758,88720,179283
Iowa,8,166624668,Iowa,3190369,5,3,IA,Iowa,19,3190369,3011086,2694521,131972,14486,75629,5758,88720,179283
Iowa,9,1414128,Iowa,3190369,5,3,IA,Iowa,19,3190369,3011086,2694521,131972,14486,75629,5758,88720,179283
Iowa,10,684146,Iowa,3190369,5,3,IA,Iowa,19,3190369,3011086,2694521,131972,14486,75629,5758,88720,179283
Iowa,11,772247,Iowa,3190369,5,3,IA,Iowa,19,3190369,3011086,2694521,131972,14486,75629,5758,88720,179283
Iowa,12,445599,Iowa,3190369,5,3,IA,Iowa,19,3190369,3011086,2694521,131972,14486,75629,5758,88720,179283
Missouri,1,2015352,Missouri,6154913,5,4,MO,Missouri,29,6154913,5741742,4740335,699840,30518,133377,9730,127942,413171
Missouri,2,762232,Missouri,6154913,5,4,MO,Missouri,29,6154913,5741742,4740335,699840,30518,133377,9730,127942,413171
Missouri,3,1350286,Missouri,6154913,5,4,MO,Missouri,29,6154913,5741742,4740335,699840,30518,133377,9730,127942,413171
Missouri,4,1599263,Missouri,6154913,5,4,MO,Missouri,29,6154913,5741742,4740335,699840,30518,133377,9730,127942,413171
Missouri,5,3574088,Missouri,6154913,5,4,MO,Missouri,29,6154913,5741742,4740335,699840,30518,133377,9730,127942,413171
Missouri,6,5248009,Missouri,6154913,5,4,MO,Missouri,29,6154913,5741742,4740335,699840,30518,133377,9730,127942,413171
Missouri,7,4196893,Missouri,6154913,5,4,MO,Missouri,29,6154913,5741742,4740335,699840,30518,133377,9730,127942,413171
Missouri,8,7128044,Missouri,6154913,5,4,MO,Missouri,29,6154913,5741742,4740335,699840,30518,133377,9730,127942,413171
Missouri,9,1246443,Missouri,6154913,5,4,MO,Missouri,29,6154913,5741742,4740335,699840,30518,133377,9730,127942,413171
Missouri,10,1722744,Missouri,6154913,5,4,MO,Missouri,29,6154913,5741742,4740335,699840,30518,133377,9730,127942,413171
Missouri,11,1928477,Missouri,6154913,5,4,MO,Missouri,29,6154913,5741742,4740335,699840,30518,133377,9730,127942,413171
Missouri,12,2177925,Missouri,6154913,5,4,MO,Missouri,29,6154913,5741742,4740335,699840,30518,133377,9730,127942,413171
Arkansas,1,5210910,Arkansas,3011524,5,5,AR,Arkansas,5,3011524,2797949,2114512,453783,27177,51839,14533,136105,213575
Arkansas,2,802423,Arkansas,3011524,5,5,AR,Arkansas,5,3011524,2797949,2114512,453783,27177,51839,14533,136105,213575
Arkansas,3,1395233,Arkansas,3011524,5,5,AR,Arkansas,5,3011524,2797949,2114512,453783,27177,51839,14533,136105,213575
Arkansas,4,38662219,Arkansas,3011524,5,5,AR,Arkansas,5,3011524,2797949,2114512,453783,27177,51839,14533,136105,213575
Arkansas,5,3510102,Arkansas,3011524,5,5,AR,Arkansas,5,3011524,2797949,2114512,453783,27177,51839,14533,136105,213575
Arkansas,6,3015090,Arkansas,3011524,5,5,AR,Arkansas,5,3011524,2797949,2114512,453783,27177,51839,14533,136105,213575
Arkansas,7,2660389,Arkansas,3011524,5,5,AR,Arkansas,5,3011524,2797949,2114512,453783,27177,51839,14533,136105,213575
Arkansas,8,8551872,Arkansas,3011524,5,5,AR,Arkansas,5,3011524,2797949,2114512,453783,27177,51839,14533,136105,213575
Arkansas,9,1954030,Arkansas,3011524,5,5,AR,Arkansas,5,3011524,2797949,2114512,453783,27177,51839,14533,136105,213575
Arkansas,10,1189529,Arkansas,3011524,5,5,AR,Arkansas,5,3011524,2797949,2114512,453783,27177,51839,14533,136105,213575
Arkansas,11,1650553,Arkansas,3011524,5,5,AR,Arkansas,5,3011524,2797949,2114512,453783,27177,51839,14533,136105,213575
Arkansas,12,1012571,Arkansas,3011524,5,5,AR,Arkansas,5,3011524,2797949,2114512,453783,27177,51839,14533,136105,213575
Mississippi,1,7479542,Mississippi,2961279,5,6,MS,Mississippi,28,2961279,2850547,1658893,1084481,16450,32709,1154,56860,110732
Mississippi,2,3177532,Mississippi,2961279,5,6,MS,Mississippi,28,2961279,2850547,1658893,1084481,16450,32709,1154,56860,110732
Mississippi,3,3222927,Mississippi,2961279,5,6,MS,Mississippi,28,2961279,2850547,1658893,1084481,16450,32709,1154,56860,110732
Mississippi,4,18163951,Mississippi,2961279,5,6,MS,Mississippi,28,2961279,2850547,1658893,1084481,16450,32709,1154,56860,110732
Mississippi,5,1985742,Mississippi,2961279,5,6,MS,Mississippi,28,2961279,2850547,1658893,1084481,16450,32709,1154,56860,110732
Mississippi,6,4777068,Mississippi,2961279,5,6,MS,Mississippi,28,2961279,2850547,1658893,1084481,16450,32709,1154,56860,110732
Mississippi,7,2294724,Mississippi,2961279,5,6,MS,Mississippi,28,2961279,2850547,1658893,1084481,16450,32709,1154,56860,110732
Mississippi,8,3127131,Mississippi,2961279,5,6,MS,Mississippi,28,2961279,2850547,1658893,1084481,16450,32709,1154,56860,110732
Mississippi,9,1559774,Mississippi,2961279,5,6,MS,Mississippi,28,2961279,2850547,1658893,1084481,16450,32709,1154,56860,110732
Mississippi,10,50567801,Mississippi,2961279,5,6,MS,Mississippi,28,2961279,2850547,1658893,1084481,16450,32709,1154,56860,110732
Mississippi,11,12352472,Mississippi,2961279,5,6,MS,Mississippi,28,2961279,2850547,1658893,1084481,16450,32709,1154,56860,110732
Mississippi,12,1220194,Mississippi,2961279,5,6,MS,Mississippi,28,2961279,2850547,1658893,1084481,16450,32709,1154,56860,110732
Wisconsin,1,824482,Wisconsin,5893718,6,2,WI,Wisconsin,55,5893718,5534184,4737545,376256,60428,175702,2199,182054,359534
Wisconsin,2,509099,Wisconsin,5893718,6,2,WI,Wisconsin,55,5893718,5534184,4737545,376256,60428,175702,2199,182054,359534
Wisconsin,3,760969,Wisconsin,5893718,6,2,WI,Wisconsin,55,5893718,5534184,4737545,376256,60428,175702,2199,182054,359534
Wisconsin,4,1354552,Wisconsin,5893718,6,2,WI,Wisconsin,55,5893718,5534184,4737545,376256,60428,175702,2199,182054,359534
Wisconsin,5,1626875,Wisconsin,5893718,6,2,WI,Wisconsin,55,5893718,5534184,4737545,376256,60428,175702,2199,182054,359534
Wisconsin,6,4596795,Wisconsin,5893718,6,2,WI,Wisconsin,55,5893718,5534184,4737545,376256,60428,175702,2199,182054,359534
Wisconsin,7,3635584,Wisconsin,5893718,6,2,WI,Wisconsin,55,5893718,5534184,4737545,376256,60428,175702,2199,182054,359534
Wisconsin,8,3641899,Wisconsin,5893718,6,2,WI,Wisconsin,55,5893718,5534184,4737545,376256,60428,175702,2199,182054,359534
Wisconsin,9,1356624,Wisconsin,5893718,6,2,WI,Wisconsin,55,5893718,5534184,4737545,376256,60428,175702,2199,182054,359534
Wisconsin,10,1120019,Wisconsin,5893718,6,2,WI,Wisconsin,55,5893718,5534184,4737545,376256,60428,175702,2199,182054,359534
Wisconsin,11,2365759,Wisconsin,5893718,6,2,WI,Wisconsin,55,5893718,5534184,4737545,376256,60428,175702,2199,182054,359534
Wisconsin,12,516754,Wisconsin,5893718,6,2,WI,Wisconsin,55,5893718,5534184,4737545,376256,60428,175702,2199,182054,359534
Illinois,1,2253302,Illinois,12812508,6,3,IL,Illinois,17,12812508,11667524,7868227,1808271,96498,754878,4501,1135149,1144984
Illinois,2,936112,Illinois,12812508,6,3,IL,Illinois,17,12812508,11667524,7868227,1808271,96498,754878,4501,1135149,1144984
Illinois,3,1421476,Illinois,12812508,6,3,IL,Illinois,17,12812508,11667524,7868227,1808271,96498,754878,4501,1135149,1144984
Illinois,4,2981189,Illinois,12812508,6,3,IL,Illinois,17,12812508,11667524,7868227,1808271,96498,754878,4501,1135149,1144984
Illinois,5,3579684,Illinois,12812508,6,3,IL,Illinois,17,12812508,11667524,7868227,1808271,96498,754878,4501,1135149,1144984
Illinois,6,5205209,Illinois,12812508,6,3,IL,Illinois,17,12812508,11667524,7868227,1808271,96498,754878,4501,1135149,1144984
Illinois,7,8860690,Illinois,12812508,6,3,IL,Illinois,17,12812508,11667524,7868227,1808271,96498,754878,4501,1135149,1144984
Illinois,8,104566171,Illinois,12812508,6,3,IL,Illinois,17,12812508,11667524,7868227,1808271,96498,754878,4501,1135149,1144984
Illinois,9,2227626,Illinois,12812508,6,3,IL,Illinois,17,12812508,11667524,7868227,1808271,96498,754878,4501,1135149,1144984
Illinois,10,2116841,Illinois,12812508,6,3,IL,Illinois,17,12812508,11667524,7868227,1808271,96498,754878,4501,1135149,1144984
Illinois,11,3870251,Illinois,12812508,6,3,IL,Illinois,17,12812508,11667524,7868227,1808271,96498,754878,4501,1135149,1144984
Illinois,12,1375262,Illinois,12812508,6,3,IL,Illinois,17,12812508,11667524,7868227,1808271,96498,754878,4501,1135149,1144984
Kentucky,1,2990491,Kentucky,4505836,6,4,KY,Kentucky,21,4505836,4260996,3711254,362417,12801,74426,3681,96417,244840
Kentucky,2,1217799,Kentucky,4505836,6,4,KY,Kentucky,21,4505836,4260996,3711254,362417,12801,74426,3681,96417,244840
Kentucky,3,2018539,Kentucky,4505836,6,4,KY,Kentucky,21,4505836,4260996,3711254,362417,12801,74426,3681,96417,244840
Kentucky,4,19431646,Kentucky,4505836,6,4,KY,Kentucky,21,4505836,4260996,3711254,362417,12801,74426,3681,96417,244840
Kentucky,5,2125721,Kentucky,4505836,6,4,KY,Kentucky,21,4505836,4260996,3711254,362417,12801,74426,3681,96417,244840
Kentucky,6,3191754,Kentucky,4505836,6,4,KY,Kentucky,21,4505836,4260996,3711254,362417,12801,74426,3681,96417,244840
Kentucky,7,3804783,Kentucky,4505836,6,4,KY,Kentucky,21,4505836,4260996,3711254,362417,12801,74426,3681,96417,244840
Kentucky,8,1688996,Kentucky,4505836,6,4,KY,Kentucky,21,4505836,4260996,3711254,362417,12801,74426,3681,96417,244840
Kentucky,9,1703579,Kentucky,4505836,6,4,KY,Kentucky,21,4505836,4260996,3711254,362417,12801,74426,3681,96417,244840
Kentucky,10,1710092,Kentucky,4505836,6,4,KY,Kentucky,21,4505836,4260996,3711254,362417,12801,74426,3681,96417,244840
Kentucky,11,1771174,Kentucky,4505836,6,4,KY,Kentucky,21,4505836,4260996,3711254,362417,12801,74426,3681,96417,244840
Kentucky,12,2283111,Kentucky,4505836,6,4,KY,Kentucky,21,4505836,4260996,3711254,362417,12801,74426,3681,96417,244840
Tennessee,1,4595946,Tennessee,6910840,6,5,TN,Tennessee,47,6910840,6497942,4990938,1092948,28044,135615,4115,246282,412898
Tennessee,2,1791407,Tennessee,6910840,6,5,TN,Tennessee,47,6910840,6497942,4990938,1092948,28044,135615,4115,246282,412898
Tennessee,3,17524794,Tennessee,6910840,6,5,TN,Tennessee,47,6910840,6497942,4990938,1092948,28044,135615,4115,246282,412898
Tennessee,4,4833002,Tennessee,6910840,6,5,TN,Tennessee,47,6910840,6497942,4990938,1092948,28044,135615,4115,246282,412898
Tennessee,5,32851445,Tennessee,6910840,6,5,TN,Tennessee,47,6910840,6497942,4990938,1092948,28044,135615,4115,246282,412898
Tennessee,6,3958236,Tennessee,6910840,6,5,TN,Tennessee,47,6910840,6497942,4990938,1092948,28044,135615,4115,246282,412898
Tennessee,7,4295705,Tennessee,6910840,6,5,TN,Tennessee,47,6910840,6497942,4990938,1092948,28044,135615,4115,246282,412898
Tennessee,8,4435609,Tennessee,6910840,6,5,TN,Tennessee,47,6910840,6497942,4990938,1092948,28044,135615,4115,246282,412898
Tennessee,9,1999989,Tennessee,6910840,6,5,TN,Tennessee,47,6910840,6497942,4990938,1092948,28044,135615,4115,246282,412898
Tennessee,10,2603571,Tennessee,6910840,6,5,TN,Tennessee,47,6910840,6497942,4990938,1092948,28044,135615,4115,246282,412898
Tennessee,11,2014052,Tennessee,6910840,6,5,TN,Tennessee,47,6910840,6497942,4990938,1092948,28044,135615,4115,246282,412898
Tennessee,12,8297172,Tennessee,6910840,6,5,TN,Tennessee,47,6910840,6497942,4990938,1092948,28044,135615,4115,246282,412898
Alabama,1,7607123,Alabama,5024279,6,6,AL,Alabama,1,5024279,4767326,3220452,1296162,33625,76660,2984,137443,256953
Alabama,2,1736559,Alabama,5024279,6,6,AL,Alabama,1,5024279,4767326,3220452,1296162,33625,76660,2984,137443,256953
Alabama,3,2485450,Alabama,5024279,6,6,AL,Alabama,1,5024279,4767326,3220452,1296162,33625,76660,2984,137443,256953
Alabama,4,20905175,Alabama,5024279,6,6,AL,Alabama,1,5024279,4767326,3220452,1296162,33625,76660,2984,137443,256953
Alabama,5,3818185,Alabama,5024279,6,6,AL,Alabama,1,5024279,4767326,3220452,1296162,33625,76660,2984,137443,256953
Alabama,6,4165621,Alabama,5024279,6,6,AL,Alabama,1,5024279,4767326,3220452,1296162,33625,76660,2984,137443,256953
Alabama,7,4347688,Alabama,5024279,6,6,AL,Alabama,1,5024279,4767326,3220452,1296162,33625,76660,2984,137443,256953
Alabama,8,3677311,Alabama,5024279,6,6,AL,Alabama,1,5024279,4767326,3220452,1296162,33625,76660,2984,137443,256953
Alabama,9,81393599,Alabama,5024279,6,6,AL,Alabama,1,5024279,4767326,3220452,1296162,33625,76660,2984,137443,256953
Alabama,10,71881835,Alabama,5024279,6,6,AL,Alabama,1,5024279,4767326,3220452,1296162,33625,76660,2984,137443,256953
Alabama,11,23176278,Alabama,5024279,6,6,AL,Alabama,1,5024279,4767326,3220452,1296162,33625,76660,2984,137443,256953
Alabama,12,2020018,Alabama,5024279,6,6,AL,Alabama,1,5024279,4767326,3220452,1296162,33625,76660,2984,137443,256953
Michigan,1,5364465,Michigan,10077331,7,2,MI,Michigan,26,10077331,9442016,7444974,1376579,61261,334300,3051,221851,635315
Michigan,2,1979688,Michigan,10077331,7,2,MI,Michigan,26,10077331,9442016,7444974,1376579,61261,334300,3051,221851,635315
Michigan,3,4081163,Michigan,10077331,7,2,MI,Michigan,26,10077331,9442016,7444974,1376579,61261,334300,3051,221851,635315
Michigan,4,4557812,Michigan,10077331,7,2,MI,Michigan,26,10077331,9442016,7444974,1376579,61261,334300,3051,221851,635315
Michigan,5,8559165,Michigan,10077331,7,2,MI,Michigan,26,10077331,9442016,7444974,1376579,61261,334300,3051,221851,635315
Michigan,6,50721377,Michigan,10077331,7,2,MI,Michigan,26,10077331,9442016,7444974,1376579,61261,334300,3051,221851,635315
Michigan,7,40128652,Michigan,10077331,7,2,MI,Michigan,26,10077331,9442016,7444974,1376579,61261,334300,3051,221851,635315
Michigan,8,15614021,Michigan,10077331,7,2,MI,Michigan,26,10077331,9442016,7444974,1376579,61261,334300,3051,221851,635315
Michigan,9,6266268,Michigan,10077331,7,2,MI,Michigan,26,10077331,9442016,7444974,1376579,61261,334300,3051,221851,635315
Michigan,10,6512179,Michigan,10077331,7,2,MI,Michigan,26,10077331,9442016,7444974,1376579,61261,334300,3051,221851,635315
Michigan,11,38279070,Michigan,10077331,7,2,MI,Michigan,26,10077331,9442016,7444974,1376579,61261,334300,3051,221851,635315
Michigan,12,7113336,Michigan,10077331,7,2,MI,Michigan,26,10077331,9442016,7444974,1376579,61261,334300,3051,221851,635315
Indiana,1,1444283,Indiana,6785528,7,3,IN,Indiana,18,6785528,6348802,5241795,648513,26086,167959,3137,261312,436726
Indiana,2,807444,Indiana,6785528,7,3,IN,Indiana,18,6785528,6348802,5241795,648513,26086,167959,3137,261312,436726
Indiana,3,1746068,Indiana,6785528,7,3,IN,Indiana,18,6785528,6348802,5241795,648513,26086,167959,3137,261312,436726
Indiana,4,8098242,Indiana,6785528,7,3,IN,Indiana,18,6785528,6348802,5241795,648513,26086,167959,3137,261312,436726
Indiana,5,3264212,Indiana,6785528,7,3,IN,Indiana,18,6785528,6348802,5241795,648513,26086,167959,3137,261312,436726
Indiana,6,7097365,Indiana,6785528,7,3,IN,Indiana,18,6785528,6348802,5241795,648513,26086,167959,3137,261312,436726
Indiana,7,5852463,Indiana,6785528,7,3,IN,Indiana,18,6785528,6348802,5241795,648513,26086,167959,3137,261312,436726
Indiana,8,13796823,Indiana,6785528,7,3,IN,Indiana,18,6785528,6348802,5241795,648513,26086,167959,3137,261312,436726
Indiana,9,1754063,Indiana,6785528,7,3,IN,Indiana,18,6785528,6348802,5241795,648513,26086,167959,3137,261312,436726
Indiana,10,2170703,Indiana,6785528,7,3,IN,Indiana,18,6785528,6348802,5241795,648513,26086,167959,3137,261312,436726
Indiana,11,3594168,Indiana,6785528,7,3,IN,Indiana,18,6785528,6348802,5241795,648513,26086,167959,3137,261312,436726
Indiana,12,1457739,Indiana,6785528,7,3,IN,Indiana,18,6785528,6348802,5241795,648513,26086,167959,3137,261312,436726
West Virginia,1,3867205,West Virginia,1793716,7,4,WV,West Virginia,54,1793716,1708772,1610749,65813,3706,15109,476,12919,84944
West Virginia,2,1914898,West Virginia,1793716,7,4,WV,West Virginia,54,1793716,1708772,1610749,65813,3706,15109,476,12919,84944
West Virginia,3,3412305,West Virginia,1793716,7,4,WV,West Virginia,54,1793716,1708772,1610749,65813,3706,15109,476,12919,84944
West Virginia,4,8148831,West Virginia,1793716,7,4,WV,West Virginia,54,1793716,1708772,1610749,65813,3706,15109,476,12919,84944
West Virginia,5,3689368,West Virginia,1793716,7,4,WV,West Virginia,54,1793716,1708772,1610749,65813,3706,15109,476,12919,84944
West Virginia,6,3997118,West Virginia,1793716,7,4,WV,West Virginia,54,1793716,1708772,1610749,65813,3706,15109,476,12919,84944
West Virginia,7,4683159,West Virginia,1793716,7,4,WV,West Virginia,54,1793716,1708772,1610749,65813,3706,15109,476,12919,84944
West Virginia,8,5869708,West Virginia,1793716,7,4,WV,West Virginia,54,1793716,1708772,1610749,65813,3706,15109,476,12919,84944
West Virginia,9,2372149,West Virginia,1793716,7,4,WV,West Virginia,54,1793716,1708772,1610749,65813,3706,15109,476,12919,84944
West Virginia,10,2033246,West Virginia,1793716,7,4,WV,West Virginia,54,1793716,1708772,1610749,65813,3706,15109,476,12919,84944
West Virginia,11,3783291,West Virginia,1793716,7,4,WV,West Virginia,54,1793716,1708772,1610749,65813,3706,15109,476,12919,84944
West Virginia,12,2304712,West Virginia,1793716,7,4,WV,West Virginia,54,1793716,1708772,1610749,65813,3706,15109,476,12919,84944
Virginia,1,3884639,Virginia,8631393,7,5,VA,Virginia,51,8631393,7925686,5208856,1607581,40007,615436,7156,446650,705707
Virginia,2,6156035,Virginia,8631393,7,5,VA,Virginia,51,8631393,7925686,5208856,1607581,40007,615436,7156,446650,705707
Virginia,3,1979345,Virginia,8631393,7,5,VA,Virginia,51,8631393,7925686,5208856,1607581,40007,615436,7156,446650,705707
Virginia,4,11628988,Virginia,8631393,7,5,VA,Virginia,51,8631393,7925686,5208856,1607581,40007,615436,7156,446650,705707
Virginia,5,4905202,Virginia,8631393,7,5,VA,Virginia,51,8631393,7925686,5208856,1607581,40007,615436,7156,446650,705707
Virginia,6,6261588,Virginia,8631393,7,5,VA,Virginia,51,8631393,7925686,5208856,1607581,40007,615436,7156,446650,705707
Virginia,7,8240499,Virginia,8631393,7,5,VA,Virginia,51,8631393,7925686,5208856,1607581,40007,615436,7156,446650,705707
Virginia,8,31295160,Virginia,8631393,7,5,VA,Virginia,51,8631393,7925686,5208856,1607581,40007,615436,7156,446650,705707
Virginia,9,3354886,Virginia,8631393,7,5,VA,Virginia,51,8631393,7925686,5208856,1607581,40007,615436,7156,446650,705707
Virginia,10,5701065,Virginia,8631393,7,5,VA,Virginia,51,8631393,7925686,5208856,1607581,40007,615436,7156,446650,705707
Virginia,11,5341670,Virginia,8631393,7,5,VA,Virginia,51,8631393,7925686,5208856,1607581,40007,615436,7156,446650,705707
Virginia,12,7172143,Virginia,8631393,7,5,VA,Virginia,51,8631393,7925686,5208856,1607581,40007,615436,7156,446650,705707
Georgia,1,6591044,Georgia,10711908,7,6,GA,Georgia,13,10711908,9968000,5555483,3320513,50618,479028,7299,555059,743908
Georgia,2,3739219,Georgia,10711908,7,6,GA,Georgia,13,10711908,9968000,5555483,3320513,50618,479028,7299,555059,743908
Georgia,3,3232648,Georgia,10711908,7,6,GA,Georgia,13,10711908,9968000,5555483,3320513,50618,479028,7299,555059,743908
Georgia,4,14288621,Georgia,10711908,7,6,GA,Georgia,13,10711908,9968000,5555483,3320513,50618,479028,7299,555059,743908
Georgia,5,3926322,Georgia,10711908,7,6,GA,Georgia,13,10711908,9968000,5555483,3320513,50618,479028,7299,555059,743908
Georgia,6,6212950,Georgia,10711908,7,6,GA,Georgia,13,10711908,9968000,5555483,3320513,50618,479028,7299,555059,743908
Georgia,7,5279327,Georgia,10711908,7,6,GA,Georgia,13,10711908,9968000,5555483,3320513,50618,479028,7299,555059,743908
Georgia,8,7243059,Georgia,10711908,7,6,GA,Georgia,13,10711908,9968000,5555483,3320513,50618,479028,7299,555059,743908
Georgia,9,5344518,Georgia,10711908,7,6,GA,Georgia,13,10711908,9968000,5555483,3320513,50618,479028,7299,555059,743908
Georgia,10,85763927,Georgia,10711908,7,6,GA,Georgia,13,10711908,9968000,5555483,3320513,50618,479028,7299,555059,743908
Georgia,11,7904675,Georgia,10711908,7,6,GA,Georgia,13,10711908,9968000,5555483,3320513,50618,479028,7299,555059,743908
Georgia,12,2677391,Georgia,10711908,7,6,GA,Georgia,13,10711908,9968000,5555483,3320513,50618,479028,7299,555059,743908
Florida,1,4090302,Florida,21538187,7,7,FL,Florida,12,21538187,17986115,12422961,3246381,94795,643682,14014,1564282,3552072
Florida,2,10018251,Florida,21538187,7,7,FL,Florida,12,21538187,17986115,12422961,3246381,94795,643682,14014,1564282,3552072
Florida,3,3929672,Florida,21538187,7,7,FL,Florida,12,21538187,17986115,12422961,3246381,94795,643682,14014,1564282,3552072
Florida,4,9300773,Florida,21538187,7,7,FL,Florida,12,21538187,17986115,12422961,3246381,94795,643682,14014,1564282,3552072
Florida,5,7749619,Florida,21538187,7,7,FL,Florida,12,21538187,17986115,12422961,3246381,94795,643682,14014,1564282,3552072
Florida,6,8455650,Florida,21538187,7,7,FL,Florida,12,21538187,17986115,12422961,3246381,94795,643682,14014,1564282,3552072
Florida,7,9943131,Florida,21538187,7,7,FL,Florida,12,21538187,17986115,12422961,3246381,94795,643682,14014,1564282,3552072
Florida,8,10697067,Florida,21538187,7,7,FL,Florida,12,21538187,17986115,12422961,3246381,94795,643682,14014,1564282,3552072
Florida,9,71289316,Florida,21538187,7,7,FL,Florida,12,21538187,17986115,12422961,3246381,94795,643682,14014,1564282,3552072
Florida,10,6898170,Florida,21538187,7,7,FL,Florida,12,21538187,17986115,12422961,3246381,94795,643682,14014,1564282,3552072
Florida,11,13941074,Florida,21538187,7,7,FL,Florida,12,21538187,17986115,12422961,3246381,94795,643682,14014,1564282,3552072
Florida,12,6467898,Florida,21538187,7,7,FL,Florida,12,21538187,17986115,12422961,3246381,94795,643682,14014,1564282,3552072
Ohio,1,4601580,Ohio,11799448,8,3,OH,Ohio,39,11799448,11118076,9080688,1478781,30720,298509,5034,224344,681372
Ohio,2,2175035,Ohio,11799448,8,3,OH,Ohio,39,11799448,11118076,9080688,1478781,30720,298509,5034,224344,681372
Ohio,3,4427099,Ohio,11799448,8,3,OH,Ohio,39,11799448,11118076,9080688,1478781,30720,298509,5034,224344,681372
Ohio,4,13764802,Ohio,11799448,8,3,OH,Ohio,39,11799448,11118076,9080688,1478781,30720,298509,5034,224344,681372
Ohio,5,5542569,Ohio,11799448,8,3,OH,Ohio,39,11799448,11118076,9080688,1478781,30720,298509,5034,224344,681372
Ohio,6,17719017,Ohio,11799448,8,3,OH,Ohio,39,11799448,11118076,9080688,1478781,30720,298509,5034,224344,681372
Ohio,7,9565845,Ohio,11799448,8,3,OH,Ohio,39,11799448,11118076,9080688,1478781,30720,298509,5034,224344,681372
Ohio,8,7202282,Ohio,11799448,8,3,OH,Ohio,39,11799448,11118076,9080688,1478781,30720,298509,5034,224344,681372
Ohio,9,7971077,Ohio,11799448,8,3,OH,Ohio,39,11799448,11118076,9080688,1478781,30720,298509,5034,224344,681372
Ohio,10,4206301,Ohio,11799448,8,3,OH,Ohio,39,11799448,11118076,9080688,1478781,30720,298509,5034,224344,681372
Ohio,11,27910832,Ohio,11799448,8,3,OH,Ohio,39,11799448,11118076,9080688,1478781,30720,298509,5034,224344,681372
Ohio,12,11316702,Ohio,11799448,8,3,OH,Ohio,39,11799448,11118076,9080688,1478781,30720,298509,5034,224344,681372
District of Columbia,1,118192,District of Columbia,689545,8,4,DC,District of Columbia,11,689545,633468,273194,285810,3193,33545,432,37294,56077
District of Columbia,2,173505,District of Columbia,689545,8,4,DC,District of Columbia,11,689545,633468,273194,285810,3193,33545,432,37294,56077
District of Columbia,3,66744,District of Columbia,689545,8,4,DC,District of Columbia,11,689545,633468,273194,285810,3193,33545,432,37294,56077
District of Columbia,4,99819,District of Columbia,689545,8,4,DC,District of Columbia,11,689545,633468,273194,285810,3193,33545,432,37294,56077
District of Columbia,5,90036,District of Columbia,689545,8,4,DC,District of Columbia,11,689545,633468,273194,285810,3193,33545,432,37294,56077
District of Columbia,6,282932,District of Columbia,689545,8,4,DC,District of Columbia,11,689545,633468,273194,285810,3193,33545,432,37294,56077
District of Columbia,7,498450,District of Columbia,689545,8,4,DC,District of Columbia,11,689545,633468,273194,285810,3193,33545,432,37294,56077
District of Columbia,8,132032,District of Columbia,689545,8,4,DC,District of Columbia,11,689545,633468,273194,285810,3193,33545,432,37294,56077
District of Columbia,9,197725,District of Columbia,689545,8,4,DC,District of Columbia,11,689545,633468,273194,285810,3193,33545,432,37294,56077
District of Columbia,10,65140,District of Columbia,689545,8,4,DC,District of Columbia,11,689545,633468,273194,285810,3193,33545,432,37294,56077
District of Columbia,11,138855,District of Columbia,689545,8,4,DC,District of Columbia,11,689545,633468,273194,285810,3193,33545,432,37294,56077
District of Columbia,12,90713,District of Columbia,689545,8,4,DC,District of Columbia,11,689545,633468,273194,285810,3193,33545,432,37294,56077
North Carolina,1,6211300,North Carolina,10439388,8,5,NC,North Carolina,37,10439388,9727667,6488459,2140217,130032,343051,8518,617390,711721
North Carolina,2,13938129,North Carolina,10439388,8,5,NC,North Carolina,37,10439388,9727667,6488459,2140217,130032,343051,8518,617390,711721
North Carolina,3,2147404,North Carolina,10439388,8,5,NC,North Carolina,37,10439388,9727667,6488459,2140217,130032,343051,8518,617390,711721
North Carolina,4,19835771,North Carolina,10439388,8,5,NC,North Carolina,37,10439388,9727667,6488459,2140217,130032,343051,8518,617390,711721
North Carolina,5,9961868,North Carolina,10439388,8,5,NC,North Carolina,37,10439388,9727667,6488459,2140217,130032,343051,8518,617390,711721
North Carolina,6,4822569,North Carolina,10439388,8,5,NC,North Carolina,37,10439388,9727667,6488459,2140217,130032,343051,8518,617390,711721
North Carolina,7,7842203,North Carolina,10439388,8,5,NC,North Carolina,37,10439388,9727667,6488459,2140217,130032,343051,8518,617390,711721
North Carolina,8,29120245,North Carolina,10439388,8,5,NC,North Carolina,37,10439388,9727667,6488459,2140217,130032,343051,8518,617390,711721
North Carolina,9,3899293,North Carolina,10439388,8,5,NC,North Carolina,37,10439388,9727667,6488459,2140217,130032,343051,8518,617390,711721
North Carolina,10,39891015,North Carolina,10439388,8,5,NC,North Carolina,37,10439388,9727667,6488459,2140217,130032,343051,8518,617390,711721
North Carolina,11,6432027,North Carolina,10439388,8,5,NC,North Carolina,37,10439388,9727667,6488459,2140217,130032,343051,8518,617390,711721
North Carolina,12,3943935,North Carolina,10439388,8,5,NC,North Carolina,37,10439388,9727667,6488459,2140217,130032,343051,8518,617390,711721
South Carolina,1,2828223,South Carolina,5118425,8,6,SC,South Carolina,45,5118425,4820049,3243442,1280531,24303,90466,3431,177876,298376
South Carolina,2,4101208,South Carolina,5118425,8,6,SC,South Carolina,45,5118425,4820049,3243442,1280531,24303,90466,3431,177876,298376
South Carolina,3,1232728,South Carolina,5118425,8,6,SC,South Carolina,45,5118425,4820049,3243442,1280531,24303,90466,3431,177876,298376
South Carolina,4,15363020,South Carolina,5118425,8,6,SC,South Carolina,45,5118425,4820049,3243442,1280531,24303,90466,3431,177876,298376
South Carolina,5,4695688,South Carolina,5118425,8,6,SC,South Carolina,45,5118425,4820049,3243442,1280531,24303,90466,3431,177876,298376
South Carolina,6,3400525,South Carolina,5118425,8,6,SC,South Carolina,45,5118425,4820049,3243442,1280531,24303,90466,3431,177876,298376
South Carolina,7,2513085,South Carolina,5118425,8,6,SC,South Carolina,45,5118425,4820049,3243442,1280531,24303,90466,3431,177876,298376
South Carolina,8,3093394,South Carolina,5118425,8,6,SC,South Carolina,45,5118425,4820049,3243442,1280531,24303,90466,3431,177876,298376
South Carolina,9,1507295,South Carolina,5118425,8,6,SC,South Carolina,45,5118425,4820049,3243442,1280531,24303,90466,3431,177876,298376
South Carolina,10,20490293,South Carolina,5118425,8,6,SC,South Carolina,45,5118425,4820049,3243442,1280531,24303,90466,3431,177876,298376
South Carolina,11,3311654,South Carolina,5118425,8,6,SC,South Carolina,45,5118425,4820049,3243442,1280531,24303,90466,3431,177876,298376
South Carolina,12,2128105,South Carolina,5118425,8,6,SC,South Carolina,45,5118425,4820049,3243442,1280531,24303,90466,3431,177876,298376
Vermont,1,186565,Vermont,643077,9,1,VT,Vermont,50,643077,606051,577751,9034,2289,11549,181,5247,37026
Vermont,2,1142839,Vermont,643077,9,1,VT,Vermont,50,643077,606051,577751,9034,2289,11549,181,5247,37026
Vermont,3,319258,Vermont,643077,9,1,VT,Vermont,50,643077,606051,577751,9034,2289,11549,181,5247,37026
Vermont,4,180951,Vermont,643077,9,1,VT,Vermont,50,643077,606051,577751,9034,2289,11549,181,5247,37026
Vermont,5,368936,Vermont,643077,9,1,VT,Vermont,50,643077,606051,577751,9034,2289,11549,181,5247,37026
Vermont,6,358954,Vermont,643077,9,1,VT,Vermont,50,643077,606051,577751,9034,2289,11549,181,5247,37026
Vermont,7,533394,Vermont,643077,9,1,VT,Vermont,50,643077,606051,577751,9034,2289,11549,181,5247,37026
Vermont,8,1302101,Vermont,643077,9,1,VT,Vermont,50,643077,606051,577751,9034,2289,11549,181,5247,37026
Vermont,9,376565,Vermont,643077,9,1,VT,Vermont,50,643077,606051,577751,9034,2289,11549,181,5247,37026
Vermont,10,525968,Vermont,643077,9,1,VT,Vermont,50,643077,606051,577751,9034,2289,11549,181,5247,37026
Vermont,11,182342,Vermont,643077,9,1,VT,Vermont,50,643077,606051,577751,9034,2289,11549,181,5247,37026
Vermont,12,345884,Vermont,643077,9,1,VT,Vermont,50,643077,606051,577751,9034,2289,11549,181,5247,37026
New York,1,4647387,New York,20201249,9,2,NY,New York,36,20201249,18433786,11143349,2986172,149690,1933127,10815,2210633,1767463
New York,2,11467439,New York,20201249,9,2,NY,New York,36,20201249,18433786,11143349,2986172,149690,1933127,10815,2210633,1767463
New York,3,2894606,New York,20201249,9,2,NY,New York,36,20201249,18433786,11143349,2986172,149690,1933127,10815,2210633,1767463
New York,4,9726492,New York,20201249,9,2,NY,New York,36,20201249,18433786,11143349,2986172,149690,1933127,10815,2210633,1767463
New York,5,7850479,New York,20201249,9,2,NY,New York,36,20201249,18433786,11143349,2986172,149690,1933127,10815,2210633,1767463
New York,6,5526624,New York,20201249,9,2,NY,New York,36,20201249,18433786,11143349,2986172,149690,1933127,10815,2210633,1767463
New York,7,10518343,New York,20201249,9,2,NY,New York,36,20201249,18433786,11143349,2986172,149690,1933127,10815,2210633,1767463
New York,8,240192643,New York,20201249,9,2,NY,New York,36,20201249,18433786,11143349,2986172,149690,1933127,10815,2210633,1767463
New York,9,4298209,New York,20201249,9,2,NY,New York,36,20201249,18433786,11143349,2986172,149690,1933127,10815,2210633,1767463
New York,10,29328897,New York,20201249,9,2,NY,New York,36,20201249,18433786,11143349,2986172,149690,1933127,10815,2210633,1767463
New York,11,8829984,New York,20201249,9,2,NY,New York,36,20201249,18433786,11143349,2986172,149690,1933127,10815,2210633,1767463
New York,12,10641918,New York,20201249,9,2,NY,New York,36,20201249,18433786,11143349,2986172,149690,1933127,10815,2210633,1767463
Pennsylvania,1,3446165,Pennsylvania,13002700,9,3,PA,Pennsylvania,42,13002700,12228216,9750687,1423169,31052,510501,4276,508531,774484
Pennsylvania,2,3041057,Pennsylvania,13002700,9,3,PA,Pennsylvania,42,13002700,12228216,9750687,1423169,31052,510501,4276,508531,774484
Pennsylvania,3,3417522,Pennsylvania,13002700,9,3,PA,Pennsylvania,42,13002700,12228216,9750687,1423169,31052,510501,4276,508531,774484
Pennsylvania,4,11047980,Pennsylvania,13002700,9,3,PA,Pennsylvania,42,13002700,12228216,9750687,1423169,31052,510501,4276,508531,774484
Pennsylvania,5,3386841,Pennsylvania,13002700,9,3,PA,Pennsylvania,42,13002700,12228216,9750687,1423169,31052,510501,4276,508531,774484
Pennsylvania,6,51412575,Pennsylvania,13002700,9,3,PA,Pennsylvania,42,13002700,12228216,9750687,1423169,31052,510501,4276,508531,774484
Pennsylvania,7,8723031,Pennsylvania,13002700,9,3,PA,Pennsylvania,42,13002700,12228216,9750687,1423169,31052,510501,4276,508531,774484
Pennsylvania,8,45855575,Pennsylvania,13002700,9,3,PA,Pennsylvania,42,13002700,12228216,9750687,1423169,31052,510501,4276,508531,774484
Pennsylvania,9,3502101,Pennsylvania,13002700,9,3,PA,Pennsylvania,42,13002700,12228216,9750687,1423169,31052,510501,4276,508531,774484
Pennsylvania,10,3597650,Pennsylvania,13002700,9,3,PA,Pennsylvania,42,13002700,12228216,9750687,1423169,31052,510501,4276,508531,774484
Pennsylvania,11,13986747,Pennsylvania,13002700,9,3,PA,Pennsylvania,42,13002700,12228216,9750687,1423169,31052,510501,4276,508531,774484
Pennsylvania,12,7801329,Pennsylvania,13002700,9,3,PA,Pennsylvania,42,13002700,12228216,9750687,1423169,31052,510501,4276,508531,774484
Maryland,1,880166,Maryland,6177224,9,4,MD,Maryland,24,6177224,5695323,3007874,1820472,31845,420944,3247,410941,481901
Maryland,2,1063071,Maryland,6177224,9,4,MD,Maryland,24,6177224,5695323,3007874,1820472,31845,420944,3247,410941,481901
Maryland,3,702846,Maryland,6177224,9,4,MD,Maryland,24,6177224,5695323,3007874,1820472,31845,420944,3247,410941,481901
Maryland,4,991832,Maryland,6177224,9,4,MD,Maryland,24,6177224,5695323,3007874,1820472,31845,420944,3247,410941,481901
Maryland,5,924926,Maryland,6177224,9,4,MD,Maryland,24,6177224,5695323,3007874,1820472,31845,420944,3247,410941,481901
Maryland,6,1895832,Maryland,6177224,9,4,MD,Maryland,24,6177224,5695323,3007874,1820472,31845,420944,3247,410941,481901
Maryland,7,3993347,Maryland,6177224,9,4,MD,Maryland,24,6177224,5695323,3007874,1820472,31845,420944,3247,410941,481901
Maryland,8,6755597,Maryland,6177224,9,4,MD,Maryland,24,6177224,5695323,3007874,1820472,31845,420944,3247,410941,481901
Maryland,9,1875573,Maryland,6177224,9,4,MD,Maryland,24,6177224,5695323,3007874,1820472,31845,420944,3247,410941,481901
Maryland,10,1023004,Maryland,6177224,9,4,MD,Maryland,24,6177224,5695323,3007874,1820472,31845,420944,3247,410941,481901
Maryland,11,2055768,Maryland,6177224,9,4,MD,Maryland,24,6177224,5695323,3007874,1820472,31845,420944,3247,410941,481901
Maryland,12,1045671,Maryland,6177224,9,4,MD,Maryland,24,6177224,5695323,3007874,1820472,31845,420944,3247,410941,481901
New Hampshire,1,318720,New Hampshire,1377529,10,1,NH,New Hampshire,33,1377529,1299787,1216203,20127,3031,35871,453,24102,77742
New Hampshire,2,2226659,New Hampshire,1377529,10,1,NH,New Hampshire,33,1377529,1299787,1216203,20127,3031,35871,453,24102,77742
New Hampshire,3,1321144,New Hampshire,1377529,10,1,NH,New Hampshire,33,1377529,1299787,1216203,20127,3031,35871,453,24102,77742
New Hampshire,4,485761,New Hampshire,1377529,10,1,NH,New Hampshire,33,1377529,1299787,1216203,20127,3031,35871,453,24102,77742
New Hampshire,5,477211,New Hampshire,1377529,10,1,NH,New Hampshire,33,1377529,1299787,1216203,20127,3031,35871,453,24102,77742
New Hampshire,6,437166,New Hampshire,1377529,10,1,NH,New Hampshire,33,1377529,1299787,1216203,20127,3031,35871,453,24102,77742
New Hampshire,7,713233,New Hampshire,1377529,10,1,NH,New Hampshire,33,1377529,1299787,1216203,20127,3031,35871,453,24102,77742
New Hampshire,8,7366739,New Hampshire,1377529,10,1,NH,New Hampshire,33,1377529,1299787,1216203,20127,3031,35871,453,24102,77742
New Hampshire,9,516574,New Hampshire,1377529,10,1,NH,New Hampshire,33,1377529,1299787,1216203,20127,3031,35871,453,24102,77742
New Hampshire,10,645585,New Hampshire,1377529,10,1,NH,New Hampshire,33,1377529,1299787,1216203,20127,3031,35871,453,24102,77742
New Hampshire,11,541546,New Hampshire,1377529,10,1,NH,New Hampshire,33,1377529,1299787,1216203,20127,3031,35871,453,24102,77742
New Hampshire,12,5977437,New Hampshire,1377529,10,1,NH,New Hampshire,33,1377529,1299787,1216203,20127,3031,35871,453,24102,77742
Connecticut,1,519475,Connecticut,3605944,10,2,CT,Connecticut,9,3605944,3273040,2395128,388675,16051,172455,1598,299133,332904
Connecticut,2,793856,Connecticut,3605944,10,2,CT,Connecticut,9,3605944,3273040,2395128,388675,16051,172455,1598,299133,332904
Connecticut,3,270986,Connecticut,3605944,10,2,CT,Connecticut,9,3605944,3273040,2395128,388675,16051,172455,1598,299133,332904
Connecticut,4,2914668,Connecticut,3605944,10,2,CT,Connecticut,9,3605944,3273040,2395128,388675,16051,172455,1598,299133,332904
Connecticut,5,533645,Connecticut,3605944,10,2,CT,Connecticut,9,3605944,3273040,2395128,388675,16051,172455,1598,299133,332904
Connecticut,6,691612,Connecticut,3605944,10,2,CT,Connecticut,9,3605944,3273040,2395128,388675,16051,172455,1598,299133,332904
Connecticut,7,1116549,Connecticut,3605944,10,2,CT,Connecticut,9,3605944,3273040,2395128,388675,16051,172455,1598,299133,332904
Connecticut,8,242496784,Connecticut,3605944,10,2,CT,Connecticut,9,3605944,3273040,2395128,388675,16051,172455,1598,299133,332904
Connecticut,9,1064879,Connecticut,3605944,10,2,CT,Connecticut,9,3605944,3273040,2395128,388675,16051,172455,1598,299133,332904
Connecticut,10,1430062,Connecticut,3605944,10,2,CT,Connecticut,9,3605944,3273040,2395128,388675,16051,172455,1598,299133,332904
Connecticut,11,3444404,Connecticut,3605944,10,2,CT,Connecticut,9,3605944,3273040,2395128,388675,16051,172455,1598,299133,332904
Connecticut,12,2892717,Connecticut,3605944,10,2,CT,Connecticut,9,3605944,3273040,2395128,388675,16051,172455,1598,299133,332904
New Jersey,1,1644165,New Jersey,9288994,10,3,NJ,New Jersey,34,9288994,8385500,5112280,1219770,51186,950090,3533,1048641,903494
New Jersey,2,1672938,New Jersey,9288994,10,3,NJ,New Jersey,34,9288994,8385500,5112280,1219770,51186,950090,3533,1048641,903494
New Jersey,3,1075222,New Jersey,9288994,10,3,NJ,New Jersey,34,9288994,8385500,5112280,1219770,51186,950090,3533,1048641,903494
New Jersey,4,4280055,New Jersey,9288994,10,3,NJ,New Jersey,34,9288994,8385500,5112280,1219770,51186,950090,3533,1048641,903494
New Jersey,5,1362135,New Jersey,9288994,10,3,NJ,New Jersey,34,9288994,8385500,5112280,1219770,51186,950090,3533,1048641,903494
New Jersey,6,20830688,New Jersey,9288994,10,3,NJ,New Jersey,34,9288994,8385500,5112280,1219770,51186,950090,3533,1048641,903494
New Jersey,7,6167300,New Jersey,9288994,10,3,NJ,New Jersey,34,9288994,8385500,5112280,1219770,51186,950090,3533,1048641,903494
New Jersey,8,239845655,New Jersey,9288994,10,3,NJ,New Jersey,34,9288994,8385500,5112280,1219770,51186,950090,3533,1048641,903494
New Jersey,9,2459936,New Jersey,9288994,10,3,NJ,New Jersey,34,9288994,8385500,5112280,1219770,51186,950090,3533,1048641,903494
New Jersey,10,1969998,New Jersey,9288994,10,3,NJ,New Jersey,34,9288994,8385500,5112280,1219770,51186,950090,3533,1048641,903494
New Jersey,11,3443745,New Jersey,9288994,10,3,NJ,New Jersey,34,9288994,8385500,5112280,1219770,51186,950090,3533,1048641,903494
New Jersey,12,6448954,New Jersey,9288994,10,3,NJ,New Jersey,34,9288994,8385500,5112280,1219770,51186,950090,3533,1048641,903494
Delaware,1,190807,Delaware,989948,10,4,DE,Delaware,10,989948,913430,597763,218899,5148,42699,412,48509,76518
Delaware,2,294201,Delaware,989948,10,4,DE,Delaware,10,989948,913430,597763,218899,5148,42699,412,48509,76518
Delaware,3,146112,Delaware,989948,10,4,DE,Delaware,10,989948,913430,597763,218899,5148,42699,412,48509,76518
Delaware,4,425626,Delaware,989948,10,4,DE,Delaware,10,989948,913430,597763,218899,5148,42699,412,48509,76518
Delaware,5,114652,Delaware,989948,10,4,DE,Delaware,10,989948,913430,597763,218899,5148,42699,412,48509,76518
Delaware,6,243607,Delaware,989948,10,4,DE,Delaware,10,989948,913430,597763,218899,5148,42699,412,48509,76518
Delaware,7,342616,Delaware,989948,10,4,DE,Delaware,10,989948,913430,597763,218899,5148,42699,412,48509,76518
Delaware,8,5667935,Delaware,989948,10,4,DE,Delaware,10,989948,913430,597763,218899,5148,42699,412,48509,76518
Delaware,9,208240,Delaware,989948,10,4,DE,Delaware,10,989948,913430,597763,218899,5148,42699,412,48509,76518
Delaware,10,190013,Delaware,989948,10,4,DE,Delaware,10,989948,913430,597763,218899,5148,42699,412,48509,76518
Delaware,11,405371,Delaware,989948,10,4,DE,Delaware,10,989948,913430,597763,218899,5148,42699,412,48509,76518
Delaware,12,572932,Delaware,989948,10,4,DE,Delaware,10,989948,913430,597763,218899,5148,42699,412,48509,76518
Maine,1,719651,Maine,1362359,11,0,ME,Maine,23,1362359,1297649,1237041,25752,7885,16798,443,9730,64710
Maine,2,3111186,Maine,1362359,11,0,ME,Maine,23,1362359,1297649,1237041,25752,7885,16798,443,9730,64710
Maine,3,2107439,Maine,1362359,11,0,ME,Maine,23,1362359,1297649,1237041,25752,7885,16798,443,9730,64710
Maine,4,50859554,Maine,1362359,11,0,ME,Maine,23,1362359,1297649,1237041,25752,7885,16798,443,9730,64710
Maine,5,1524577,Maine,1362359,11,0,ME,Maine,23,1362359,1297649,1237041,25752,7885,16798,443,9730,64710
Maine,6,1497266,Maine,1362359,11,0,ME,Maine,23,1362359,1297649,1237041,25752,7885,16798,443,9730,64710
Maine,7,1820870,Maine,1362359,11,0,ME,Maine,23,1362359,1297649,1237041,25752,7885,16798,443,9730,64710
Maine,8,9147361,Maine,1362359,11,0,ME,Maine,23,1362359,1297649,1237041,25752,7885,16798,443,9730,64710
Maine,9,4935917,Maine,1362359,11,0,ME,Maine,23,1362359,1297649,1237041,25752,7885,16798,443,9730,64710
Maine,10,4476756,Maine,1362359,11,0,ME,Maine,23,1362359,1297649,1237041,25752,7885,16798,443,9730,64710
Maine,11,2633124,Maine,1362359,11,0,ME,Maine,23,1362359,1297649,1237041,25752,7885,16798,443,9730,64710
Maine,12,38275424,Maine,1362359,11,0,ME,Maine,23,1362359,1297649,1237041,25752,7885,16798,443,9730,64710
Massachusetts,1,993132,Massachusetts,7029917,11,1,MA,Massachusetts,25,7029917,6421050,4896037,494029,24018,507934,2301,496731,608867
Massachusetts,2,4687543,Massachusetts,7029917,11,1,MA,Massachusetts,25,7029917,6421050,4896037,494029,24018,507934,2301,496731,608867
Massachusetts,3,1513298,Massachusetts,7029917,11,1,MA,Massachusetts,25,7029917,6421050,4896037,494029,24018,507934,2301,496731,608867
Massachusetts,4,7953355,Massachusetts,7029917,11,1,MA,Massachusetts,25,7029917,6421050,4896037,494029,24018,507934,2301,496731,608867
Massachusetts,5,2502821,Massachusetts,7029917,11,1,MA,Massachusetts,25,7029917,6421050,4896037,494029,24018,507934,2301,496731,608867
Massachusetts,6,2059579,Massachusetts,7029917,11,1,MA,Massachusetts,25,7029917,6421050,4896037,494029,24018,507934,2301,496731,608867
Massachusetts,7,1789499,Massachusetts,7029917,11,1,MA,Massachusetts,25,7029917,6421050,4896037,494029,24018,507934,2301,496731,608867
Massachusetts,8,24967704,Massachusetts,7029917,11,1,MA,Massachusetts,25,7029917,6421050,4896037,494029,24018,507934,2301,496731,608867
Massachusetts,9,2696957,Massachusetts,7029917,11,1,MA,Massachusetts,25,7029917,6421050,4896037,494029,24018,507934,2301,496731,608867
Massachusetts,10,15647726,Massachusetts,7029917,11,1,MA,Massachusetts,25,7029917,6421050,4896037,494029,24018,507934,2301,496731,608867
Massachusetts,11,1962059,Massachusetts,7029917,11,1,MA,Massachusetts,25,7029917,6421050,4896037,494029,24018,507934,2301,496731,608867
Massachusetts,12,3793114,Massachusetts,7029917,11,1,MA,Massachusetts,25,7029917,6421050,4896037,494029,24018,507934,2301,496731,608867
Rhode Island,1,180500,Rhode Island,1097379,11,2,RI,Rhode Island,44,1097379,995585,782920,62168,7385,38961,536,103615,101794
Rhode Island,2,2080785,Rhode Island,1097379,11,2,RI,Rhode Island,44,1097379,995585,782920,62168,7385,38961,536,103615,101794
Rhode Island,3,170485,Rhode Island,1097379,11,2,RI,Rhode Island,44,1097379,995585,782920,62168,7385,38961,536,103615,101794
Rhode Island,4,1109721,Rhode Island,1097379,11,2,RI,Rhode Island,44,1097379,995585,782920,62168,7385,38961,536,103615,101794
Rhode Island,5,172460,Rhode Island,1097379,11,2,RI,Rhode Island,44,1097379,995585,782920,62168,7385,38961,536,103615,101794
Rhode Island,6,181419,Rhode Island,1097379,11,2,RI,Rhode Island,44,1097379,995585,782920,62168,7385,38961,536,103615,101794
Rhode Island,7,271402,Rhode Island,1097379,11,2,RI,Rhode Island,44,1097379,995585,782920,62168,7385,38961,536,103615,101794
Rhode Island,8,11809866,Rhode Island,1097379,11,2,RI,Rhode Island,44,1097379,995585,782920,62168,7385,38961,536,103615,101794
Rhode Island,9,759471,Rhode Island,1097379,11,2,RI,Rhode Island,44,1097379,995585,782920,62168,7385,38961,536,103615,101794
Rhode Island,10,1692541,Rhode Island,1097379,11,2,RI,Rhode Island,44,1097379,995585,782920,62168,7385,38961,536,103615,101794
Rhode Island,11,731878,Rhode Island,1097379,11,2,RI,Rhode Island,44,1097379,995585,782920,62168,7385,38961,536,103615,101794
Rhode Island,12,913119,Rhode Island,1097379,11,2,RI,Rhode Island,44,1097379,995585,782920,62168,7385,38961,536,103615,101794
